日期,阅读次数,阅读人数,分享次数,分享人数,阅读原文次数,阅读原文人数,收藏次数,收藏人数,群发篇数
2020-01-01,144,118,2,2,0,0,1,1,0
2020-01-02,190,137,6,6,0,0,1,1,0
2020-01-03,144,119,4,4,0,0,0,0,0
2020-01-04,96,81,4,4,0,0,0,0,0
2020-01-05,136,114,6,6,0,0,0,0,0
2020-01-06,116,78,2,2,0,0,0,0,0
2020-01-07,84,74,2,2,0,0,0,0,0
2020-01-08,86,82,6,6,0,0,0,0,0
2020-01-09,128,113,2,2,0,0,0,0,0
2020-01-10,12008,9418,794,601,60,47,19,19,1
2020-01-11,1238,971,70,62,9,7,3,3,0
2020-01-12,538,467,30,26,2,1,2,2,0
2020-01-13,320,232,28,20,4,3,0,0,0
2020-01-14,488,363,50,36,7,3,1,1,0
2020-01-15,186,118,8,6,1,1,0,0,0
2020-01-16,592,484,16,16,5,4,1,1,0
2020-01-17,214,165,18,16,1,1,3,2,0
2020-01-18,128,96,10,8,1,1,1,1,0
2020-01-19,94,78,2,2,1,1,0,0,0
2020-01-20,80,48,8,6,0,0,0,0,0
2020-01-21,42,40,2,2,1,1,0,0,0
2020-01-22,34,30,0,0,0,0,0,0,0
2020-01-23,24,23,0,0,0,0,0,0,0
2020-01-24,50,36,2,2,1,1,0,0,0
2020-01-25,38,33,2,2,0,0,1,1,0
2020-01-26,32,24,2,2,0,0,0,0,0
2020-01-27,46,34,2,2,0,0,0,0,0
2020-01-28,42,30,0,0,0,0,0,0,0
2020-01-29,46,32,2,2,2,1,1,1,0
2020-01-30,36,28,2,2,1,1,1,1,0
2020-01-31,68,42,8,6,2,2,0,0,0
2020-02-01,62,42,0,0,2,1,0,0,0
2020-02-02,44,28,0,0,0,0,0,0,0
2020-02-03,78,62,2,2,2,1,0,0,0
2020-02-04,34,19,2,2,0,0,0,0,0
2020-02-05,46,27,2,2,0,0,0,0,0
2020-02-06,34,28,0,0,0,0,0,0,0
2020-02-07,28,24,0,0,0,0,0,0,0
2020-02-08,56,43,4,4,0,0,0,0,0
2020-02-09,100,52,4,4,2,1,0,0,0
2020-02-10,74,35,6,4,1,1,0,0,0
2020-02-11,26,24,0,0,0,0,0,0,0
2020-02-12,14,12,0,0,0,0,0,0,0
2020-02-13,18,14,0,0,0,0,0,0,0
2020-02-14,38,29,2,2,1,1,0,0,0
2020-02-15,16,12,0,0,1,1,0,0,0
2020-02-16,12,12,0,0,0,0,0,0,0
2020-02-17,20,16,0,0,0,0,0,0,0
2020-02-18,14,14,0,0,0,0,0,0,0
2020-02-19,10,10,0,0,0,0,0,0,0
2020-02-20,22,20,0,0,0,0,0,0,0
2020-02-21,24,14,0,0,8,1,0,0,0
2020-02-22,26,23,2,2,0,0,0,0,0
2020-02-23,18,18,0,0,0,0,0,0,0
2020-02-24,60,34,2,2,1,1,0,0,0
2020-02-25,42,22,8,5,0,0,0,0,0
2020-02-26,28,22,0,0,0,0,0,0,0
2020-02-27,36,30,2,2,1,1,0,0,0
2020-02-28,20,16,0,0,3,1,0,0,0
2020-02-29,58,8,2,2,0,0,0,0,0
2020-03-01,30,12,0,0,0,0,0,0,0
2020-03-02,28,24,0,0,0,0,0,0,0
2020-03-03,12,10,0,0,0,0,0,0,0
2020-03-04,26,18,0,0,0,0,0,0,0
2020-03-05,20,18,0,0,1,1,0,0,0
2020-03-06,8,8,2,2,0,0,0,0,0
2020-03-07,22,18,0,0,0,0,0,0,0
2020-03-08,12,11,2,2,0,0,0,0,0
2020-03-09,30,25,4,2,0,0,0,0,0
2020-03-10,14,14,0,0,0,0,0,0,0
2020-03-11,32,29,0,0,0,0,0,0,0
2020-03-12,16,16,0,0,0,0,0,0,0
2020-03-13,64,56,2,2,0,0,0,0,0
2020-03-14,22,17,2,2,0,0,0,0,0
2020-03-15,16,14,0,0,0,0,0,0,0
2020-03-16,24,17,0,0,0,0,0,0,0
2020-03-17,58,27,2,2,1,1,1,1,0
2020-03-18,30,28,2,2,0,0,0,0,0
2020-03-19,8,8,0,0,0,0,0,0,0
2020-03-20,44,25,0,0,3,1,0,0,0
2020-03-21,38,22,4,4,3,1,0,0,0
2020-03-22,8,6,0,0,1,1,0,0,0
2020-03-23,18,16,0,0,1,1,0,0,0
2020-03-24,30,27,2,2,1,1,0,0,0
2020-03-25,4,4,0,0,0,0,0,0,0
2020-03-26,18,10,0,0,0,0,0,0,0
2020-03-27,8,8,0,0,0,0,0,0,0
2020-03-28,18,14,0,0,0,0,0,0,0
2020-03-29,8,5,2,2,1,1,0,0,0
2020-03-30,14,12,0,0,0,0,0,0,0
2020-04-01,36,29,4,4,4,1,0,0,0
2020-04-02,42,22,0,0,4,1,0,0,0
2020-04-03,10,10,0,0,0,0,0,0,0
2020-04-04,26,20,2,2,0,0,0,0,0
2020-04-05,14,14,0,0,2,1,0,0,0
2020-04-06,26,21,0,0,0,0,0,0,0
2020-04-07,4,4,0,0,0,0,0,0,0
2020-04-08,26,24,0,0,0,0,0,0,0
2020-04-09,8,8,0,0,0,0,0,0,0
2020-04-10,18,14,0,0,0,0,0,0,0
2020-04-11,14,12,0,0,0,0,0,0,0
2020-04-12,16,12,2,2,0,0,0,0,0
2020-04-13,42,27,10,7,0,0,0,0,0
2020-04-14,12,9,0,0,0,0,0,0,0
2020-04-15,28,21,0,0,0,0,0,0,0
2020-04-16,28,20,2,2,0,0,0,0,0
2020-04-17,12,12,0,0,0,0,0,0,0
2020-04-18,6,5,0,0,0,0,0,0,0
2020-04-19,18,12,0,0,0,0,0,0,0
2020-04-20,38,24,0,0,0,0,0,0,0
2020-04-21,18,17,0,0,0,0,0,0,0
2020-04-22,26,26,0,0,0,0,0,0,0
2020-04-23,8,6,0,0,0,0,0,0,0
2020-04-24,20,20,0,0,0,0,0,0,0
2020-04-25,8,8,0,0,0,0,0,0,0
2020-04-26,10,10,0,0,0,0,0,0,0
2020-04-27,20,12,2,2,0,0,0,0,0
2020-04-28,6,6,0,0,0,0,0,0,0
2020-04-29,40,26,0,0,0,0,2,2,0
2020-04-30,70,46,8,5,0,0,0,0,0
2020-05-01,10,10,0,0,0,0,0,0,0
2020-05-02,6,6,0,0,0,0,0,0,0
2020-05-03,12,10,0,0,0,0,0,0,0
2020-05-04,28,20,0,0,0,0,0,0,0
2020-05-05,4,4,0,0,0,0,0,0,0
2020-05-06,38,25,0,0,0,0,0,0,0
2020-05-07,18,16,0,0,0,0,0,0,0
2020-05-08,16,16,0,0,0,0,0,0,0
2020-05-09,20,16,0,0,0,0,0,0,0
2020-05-10,28,23,2,2,0,0,0,0,0
2020-05-11,24,21,0,0,0,0,0,0,0
2020-05-12,36,17,0,0,0,0,0,0,0
2020-05-13,18,16,0,0,0,0,0,0,0
2020-05-14,22,13,0,0,0,0,0,0,0
2020-05-15,32,25,0,0,0,0,0,0,0
2020-05-16,16,16,0,0,0,0,0,0,0
2020-05-17,42,15,4,2,0,0,0,0,0
2020-05-18,20,18,0,0,0,0,0,0,0
2020-05-19,18,17,0,0,0,0,0,0,0
2020-05-20,38,20,0,0,0,0,0,0,0
2020-05-21,8,8,0,0,0,0,0,0,0
2020-05-22,28,19,0,0,0,0,0,0,0
2020-05-23,8,8,0,0,0,0,0,0,0
2020-05-24,36,29,0,0,0,0,0,0,0
2020-05-25,16,15,0,0,0,0,0,0,0
2020-05-26,16,10,0,0,0,0,0,0,0
2020-05-27,14,14,0,0,0,0,0,0,0
2020-05-28,18,16,0,0,0,0,0,0,0
2020-05-29,12,12,0,0,0,0,0,0,0
2020-05-30,16,10,0,0,0,0,0,0,0
2020-05-31,10,9,0,0,0,0,0,0,0
2020-06-01,16,14,0,0,0,0,0,0,0
2020-06-02,10,10,0,0,0,0,0,0,0
2020-06-03,20,19,0,0,0,0,0,0,0
2020-06-04,26,16,2,2,0,0,1,1,0
2020-06-05,18,16,0,0,0,0,0,0,0
2020-06-06,12,12,0,0,0,0,0,0,0
2020-06-07,18,9,2,2,0,0,0,0,0
2020-06-08,10,8,0,0,0,0,0,0,0
2020-06-09,20,18,0,0,0,0,0,0,0
2020-06-10,10,10,0,0,0,0,0,0,0
2020-06-11,6,6,0,0,0,0,0,0,0
2020-06-12,10,8,0,0,0,0,0,0,0
2020-06-13,2,2,0,0,0,0,0,0,0
2020-06-14,4,4,0,0,0,0,0,0,0
2020-06-15,22,9,0,0,0,0,0,0,0
2020-06-16,6,4,0,0,0,0,0,0,0
2020-06-17,10,4,0,0,0,0,0,0,0
2020-06-18,4,4,0,0,0,0,0,0,0
2020-06-19,8,6,0,0,0,0,0,0,0
2020-06-20,4,4,0,0,0,0,0,0,0
2020-06-22,12,9,0,0,0,0,0,0,0
2020-06-23,8,8,0,0,0,0,0,0,0
2020-06-24,6,6,2,2,0,0,0,0,0
2020-06-25,4,4,0,0,0,0,0,0,0
2020-06-26,12,11,0,0,0,0,0,0,0
2020-06-27,8,8,0,0,0,0,0,0,0
2020-06-28,20,4,0,0,0,0,0,0,0
2020-06-29,20,11,0,0,0,0,0,0,0
2020-06-30,12,8,0,0,0,0,0,0,0
2020-07-01,8,8,0,0,0,0,0,0,0
2020-07-02,2,2,0,0,0,0,0,0,0
2020-07-03,10,10,0,0,0,0,0,0,0
2020-07-04,2,2,0,0,0,0,0,0,0
2020-07-05,6,6,0,0,0,0,0,0,0
2020-07-06,34,6,0,0,0,0,0,0,0
2020-07-07,22,14,0,0,0,0,0,0,0
2020-07-08,8,6,0,0,0,0,0,0,0
2020-07-09,10,10,0,0,0,0,0,0,0
2020-07-10,2,2,0,0,0,0,0,0,0
2020-07-11,2,2,0,0,0,0,0,0,0
2020-07-12,6,6,0,0,0,0,0,0,0
2020-07-13,2,2,0,0,0,0,0,0,0
2020-07-14,10,8,0,0,0,0,0,0,0
2020-07-15,4,4,0,0,0,0,0,0,0
2020-07-16,2,2,0,0,0,0,0,0,0
2020-07-17,12,6,0,0,0,0,0,0,0
2020-07-18,2,2,0,0,0,0,0,0,0
2020-07-20,16,8,0,0,0,0,0,0,0
2020-07-21,8,8,0,0,0,0,0,0,0
2020-07-22,6,6,0,0,0,0,0,0,0
2020-07-24,6,4,0,0,0,0,0,0,0
2020-07-25,8,7,0,0,0,0,0,0,0
2020-07-26,6,6,0,0,0,0,0,0,0
2020-07-27,6,6,0,0,0,0,0,0,0
2020-07-28,8,7,2,2,0,0,0,0,0
2020-07-29,2,2,0,0,0,0,0,0,0
2020-07-30,10,8,0,0,0,0,0,0,0
2020-07-31,10,10,0,0,0,0,0,0,0
2020-08-03,8,7,0,0,0,0,0,0,0
2020-08-04,2,2,0,0,0,0,0,0,0
2020-08-05,4,4,0,0,0,0,0,0,0
2020-08-06,32,12,0,0,0,0,0,0,0
2020-08-07,8,7,0,0,0,0,0,0,0
2020-08-08,2,2,0,0,0,0,0,0,0
2020-08-09,26,11,0,0,0,0,2,2,0
2020-08-10,2,2,0,0,0,0,0,0,0
2020-08-11,2,2,0,0,0,0,0,0,0
2020-08-12,4,4,0,0,0,0,0,0,0
2020-08-13,10,10,0,0,0,0,0,0,0
2020-08-14,62,36,0,0,0,0,0,0,0
2020-08-15,4,3,0,0,0,0,0,0,0
2020-08-16,42,13,6,2,0,0,0,0,0
2020-08-17,10,8,0,0,0,0,0,0,0
2020-08-18,34,13,0,0,0,0,0,0,0
2020-08-19,4,4,0,0,0,0,0,0,0
2020-08-20,10,8,0,0,0,0,0,0,0
2020-08-21,6,6,0,0,0,0,0,0,0
2020-08-22,6,4,0,0,0,0,0,0,0
2020-08-23,6,6,0,0,0,0,0,0,0
2020-08-24,2,2,0,0,0,0,0,0,0
2020-08-26,6,6,0,0,0,0,0,0,0
2020-08-27,10,10,0,0,0,0,0,0,0
2020-08-28,16,12,0,0,0,0,0,0,0
2020-08-29,10,8,0,0,0,0,0,0,0
2020-08-30,6,6,0,0,0,0,0,0,0
2020-08-31,4,4,0,0,0,0,0,0,0
2020-09-01,4,4,0,0,0,0,0,0,0
2020-09-02,6,6,0,0,0,0,0,0,0
2020-09-03,2,2,0,0,0,0,0,0,0
2020-09-04,4,4,0,0,0,0,0,0,0
2020-09-05,2,2,0,0,0,0,0,0,0
2020-09-06,4,4,0,0,0,0,0,0,0
2020-09-07,16,9,0,0,0,0,0,0,0
2020-09-08,8,5,0,0,0,0,0,0,0
2020-09-09,10,8,0,0,0,0,0,0,0
2020-09-10,4,4,0,0,0,0,0,0,0
2020-09-11,48,9,0,0,0,0,0,0,0
2020-09-12,4,4,0,0,0,0,0,0,0
2020-09-13,4,4,0,0,0,0,0,0,0
2020-09-14,6,6,0,0,0,0,0,0,0
2020-09-15,4,4,0,0,0,0,0,0,0
2020-09-16,8,8,0,0,0,0,0,0,0
2020-09-18,6,2,0,0,0,0,0,0,0
2020-09-19,8,4,0,0,0,0,0,0,0
2020-09-20,2,2,0,0,0,0,0,0,0
2020-09-21,14,10,0,0,0,0,0,0,0
2020-09-22,4,4,0,0,0,0,0,0,0
2020-09-23,4,4,0,0,0,0,0,0,0
2020-09-24,16,16,2,2,0,0,0,0,0
2020-09-25,4,4,0,0,0,0,0,0,0
2020-09-26,8,8,0,0,0,0,0,0,0
2020-09-27,8,8,0,0,0,0,0,0,0
2020-09-28,6,6,0,0,0,0,0,0,0
2020-09-29,12,12,0,0,0,0,0,0,0
2020-09-30,10,10,0,0,0,0,0,0,0
2020-10-02,4,4,0,0,0,0,0,0,0
2020-10-03,4,4,0,0,0,0,0,0,0
2020-10-04,2,2,0,0,0,0,0,0,0
2020-10-05,2,2,0,0,0,0,0,0,0
2020-10-06,2,2,0,0,0,0,0,0,0
2020-10-07,20,9,4,3,0,0,0,0,0
2020-10-08,12,10,0,0,1,1,0,0,0
2020-10-09,14,14,0,0,0,0,0,0,0
2020-10-10,4,2,0,0,0,0,0,0,0
2020-10-11,10,10,0,0,0,0,0,0,0
2020-10-12,16,10,0,0,0,0,0,0,0
2020-10-14,8,6,0,0,0,0,0,0,0
2020-10-16,18,14,0,0,0,0,0,0,0
2020-10-17,4,4,0,0,0,0,0,0,0
2020-10-18,6,6,0,0,0,0,0,0,0
2020-10-19,8,6,0,0,0,0,0,0,0
2020-10-20,4,4,0,0,0,0,0,0,0
2020-10-21,8,6,0,0,0,0,0,0,0
2020-10-22,4,4,0,0,0,0,0,0,0
2020-10-23,14,11,0,0,0,0,3,1,0
2020-10-24,14,10,0,0,0,0,0,0,0
2020-10-25,8,7,0,0,0,0,0,0,0
2020-10-26,8,8,0,0,0,0,0,0,0
2020-10-27,2,2,0,0,0,0,0,0,0
2020-10-28,24,15,2,2,0,0,0,0,0
2020-10-29,2,2,0,0,0,0,0,0,0
2020-10-30,38,31,8,2,0,0,1,1,0
2020-10-31,6,6,0,0,0,0,0,0,0
2020-11-02,4,4,0,0,0,0,0,0,0
2020-11-03,6,6,0,0,0,0,0,0,0
2020-11-04,8,3,0,0,0,0,0,0,0
2020-11-05,4,4,2,2,0,0,0,0,0
2020-11-06,4,4,0,0,0,0,0,0,0
2020-11-07,2,2,0,0,0,0,0,0,0
2020-11-08,4,4,0,0,0,0,0,0,0
2020-11-09,14,14,0,0,0,0,0,0,0
2020-11-11,8,8,0,0,0,0,0,0,0
2020-11-12,4,4,0,0,0,0,0,0,0
2020-11-14,8,8,0,0,0,0,0,0,0
2020-11-15,6,6,0,0,0,0,0,0,0
2020-11-16,4,4,0,0,0,0,0,0,0
2020-11-17,8,8,0,0,0,0,0,0,0
2020-11-18,2,2,0,0,0,0,0,0,0
2020-11-19,8,8,0,0,0,0,0,0,0
2020-11-20,6,2,0,0,0,0,0,0,0
2020-11-21,8,8,0,0,0,0,0,0,0
2020-11-22,2,2,0,0,0,0,0,0,0
2020-11-24,4,4,0,0,0,0,0,0,0
2020-11-25,4,4,0,0,0,0,0,0,0
2020-11-26,8,4,0,0,0,0,0,0,0
2020-11-27,4,4,0,0,0,0,0,0,0
2020-11-28,12,12,0,0,0,0,0,0,0
2020-11-29,2,2,0,0,0,0,0,0,0
2020-11-30,4,4,0,0,0,0,0,0,0
2020-12-01,6,6,0,0,0,0,0,0,0
2020-12-02,10,8,0,0,0,0,0,0,0
2020-12-04,6,5,0,0,0,0,0,0,0
2020-12-05,2,2,0,0,0,0,0,0,0
2020-12-07,18,11,0,0,0,0,0,0,0
2020-12-08,8,8,0,0,0,0,0,0,0
2020-12-09,32,13,4,2,0,0,0,0,0
2020-12-10,2,2,0,0,0,0,0,0,0
2020-12-11,6,6,0,0,0,0,0,0,0
2020-12-12,16,4,0,0,0,0,0,0,0
2020-12-13,8,8,0,0,0,0,0,0,0
2020-12-14,4,4,0,0,0,0,0,0,0
2020-12-15,2,2,0,0,0,0,0,0,0
2020-12-17,2,2,0,0,0,0,0,0,0
2020-12-18,10,6,0,0,0,0,0,0,0
2020-12-19,6,6,0,0,0,0,0,0,0
2020-12-20,2,2,0,0,0,0,0,0,0
2020-12-21,2,2,0,0,0,0,0,0,0
2020-12-22,6,4,0,0,0,0,0,0,0
2020-12-23,2,2,0,0,0,0,0,0,0
2020-12-24,8,4,0,0,0,0,0,0,0
2020-12-25,2,2,0,0,0,0,0,0,0
2020-12-26,12,12,0,0,0,0,0,0,0
2020-12-27,4,4,0,0,0,0,0,0,0
2020-12-28,34,17,2,2,0,0,0,0,0
2020-12-29,10,6,2,2,0,0,0,0,0
2020-12-30,6,6,0,0,0,0,0,0,0
2020-12-31,6,4,0,0,0,0,0,0,0
2021-01-01,6,6,0,0,0,0,0,0,0
2021-01-02,2,2,0,0,0,0,0,0,0
2021-01-03,2,2,0,0,0,0,0,0,0
2021-01-04,8,6,0,0,0,0,0,0,0
2021-01-05,6,4,0,0,0,0,0,0,0
2021-01-06,6,6,0,0,0,0,0,0,0
2021-01-07,2,2,0,0,0,0,0,0,0
2021-01-09,2,2,0,0,0,0,0,0,0
2021-01-10,6,6,2,2,0,0,0,0,0
2021-01-11,6,6,0,0,0,0,0,0,0
2021-01-12,6,6,0,0,0,0,0,0,0
2021-01-13,2,2,0,0,0,0,0,0,0
2021-01-15,6,4,0,0,0,0,0,0,0
2021-01-16,2,2,0,0,0,0,0,0,0
2021-01-17,2,2,0,0,0,0,0,0,0
2021-01-18,2,2,0,0,0,0,0,0,0
2021-01-19,2,2,0,0,0,0,0,0,0
2021-01-20,2,2,0,0,0,0,0,0,0
2021-01-22,2,2,0,0,0,0,0,0,0
2021-01-23,4,4,0,0,0,0,0,0,0
2021-01-24,8,5,0,0,0,0,0,0,0
2021-01-25,8,6,0,0,0,0,0,0,0
2021-01-27,2,2,0,0,0,0,0,0,0
2021-01-28,4,4,0,0,0,0,0,0,0
2021-01-29,2,2,0,0,0,0,0,0,0
2021-01-31,4,4,0,0,0,0,0,0,0
2021-02-03,6,4,0,0,0,0,0,0,0
2021-02-05,6,5,0,0,0,0,0,0,0
2021-02-06,16,9,0,0,0,0,0,0,0
2021-02-07,2,2,0,0,0,0,0,0,0
2021-02-08,24,5,0,0,0,0,0,0,0
2021-02-09,4,2,0,0,0,0,0,0,0
2021-02-12,4,4,2,2,0,0,0,0,0
2021-02-13,8,4,0,0,0,0,0,0,0
2021-02-14,2,2,0,0,0,0,0,0,0
2021-02-15,2,2,0,0,0,0,0,0,0
2021-02-16,2,2,0,0,0,0,0,0,0
2021-02-17,2,2,0,0,0,0,0,0,0
2021-02-18,14,7,4,2,0,0,0,0,0
2021-02-20,4,4,0,0,0,0,0,0,0
2021-02-22,50,15,8,4,0,0,0,0,0
2021-02-23,16,9,2,2,0,0,0,0,0
2021-02-24,8,6,4,2,0,0,0,0,0
2021-02-25,12,12,0,0,0,0,0,0,0
2021-02-26,10,4,2,2,0,0,0,0,0
2021-02-28,4,4,0,0,0,0,0,0,0
2021-03-01,400,26,8,4,0,0,0,0,0
2021-03-02,122,31,10,6,0,0,0,0,0
2021-03-03,10,2,0,0,0,0,0,0,0
2021-03-04,2,2,0,0,0,0,0,0,0
2021-03-05,6,4,0,0,0,0,0,0,0
2021-03-07,2,2,0,0,0,0,0,0,0
2021-03-08,4,4,0,0,0,0,0,0,0
2021-03-09,8,4,0,0,0,0,0,0,0
2021-03-10,2,2,0,0,0,0,0,0,0
2021-03-11,10,5,0,0,0,0,0,0,0
2021-03-12,6,6,0,0,0,0,0,0,0
2021-03-13,8,6,0,0,0,0,0,0,0
2021-03-16,6,4,0,0,0,0,0,0,0
2021-03-17,6,6,0,0,0,0,0,0,0
2021-03-18,2,2,0,0,0,0,0,0,0
2021-03-19,2,2,0,0,0,0,1,1,0
2021-03-20,4,4,0,0,0,0,0,0,0
2021-03-21,8,8,0,0,0,0,0,0,0
2021-03-23,8,8,0,0,0,0,0,0,0
2021-03-24,12,8,0,0,0,0,0,0,0
2021-03-25,10,8,0,0,0,0,0,0,0
2021-03-26,4,4,0,0,0,0,0,0,0
2021-03-27,8,8,0,0,0,0,0,0,0
2021-03-28,2,2,0,0,0,0,0,0,0
2021-03-29,32,18,2,2,0,0,0,0,0
2021-03-30,10,9,0,0,0,0,0,0,0
2021-03-31,134,18,8,2,0,0,0,0,0
2021-04-01,104,23,8,2,0,0,0,0,0
2021-04-02,306,40,22,9,2,1,0,0,0
2021-04-03,218,25,38,3,5,1,1,1,0
2021-04-04,56,14,6,2,0,0,0,0,0
2021-04-05,6,6,0,0,0,0,0,0,0
2021-04-06,72154,56164,4586,3099,70,26,160,134,1
2021-04-07,44290,35409,2084,1630,28,17,123,112,1
2021-04-08,6022,4815,324,270,5,3,22,21,0
2021-04-09,1090,900,76,65,0,0,4,4,0
2021-04-10,484,413,42,37,0,0,1,1,0
2021-04-11,394,302,32,28,1,1,1,1,0
2021-04-12,612,412,38,32,0,0,3,3,0
2021-04-13,502,358,38,36,0,0,2,2,0
2021-04-14,256,201,30,24,0,0,0,0,0
2021-04-15,486,319,40,31,0,0,1,1,0
2021-04-16,236,176,12,12,0,0,0,0,0
2021-04-17,192,163,10,10,0,0,1,1,0
2021-04-18,150,99,4,4,1,1,0,0,0
2021-04-19,260,166,18,16,0,0,0,0,0
2021-04-20,282,239,10,10,2,1,1,1,0
2021-04-21,146,117,6,6,0,0,2,1,0
2021-04-22,214,148,28,25,2,1,3,1,0
2021-04-23,130,109,4,4,0,0,0,0,0
2021-04-24,124,88,6,6,1,1,0,0,0
2021-04-25,122,96,12,12,0,0,0,0,0
2021-04-26,204,158,8,5,1,1,4,4,0
2021-04-27,168,112,8,8,0,0,1,1,0
2021-04-28,148,99,12,10,0,0,0,0,0
2021-04-29,128,74,2,2,0,0,0,0,0
2021-04-30,98,82,2,2,0,0,0,0,0
2021-05-01,78,67,2,2,0,0,0,0,0
2021-05-02,78,65,4,4,0,0,0,0,0
2021-05-03,30,28,0,0,0,0,1,1,0
2021-05-04,74,65,8,8,0,0,0,0,0
2021-05-05,122,80,14,10,0,0,0,0,0
2021-05-06,164,99,12,12,0,0,0,0,0
2021-05-07,176,90,2,2,0,0,0,0,0
2021-05-08,124,103,6,6,1,1,1,1,0
2021-05-09,70,54,0,0,1,1,0,0,0
2021-05-10,88,70,8,8,0,0,0,0,0
2021-05-11,178,130,20,16,0,0,1,1,0
2021-05-12,86,69,2,2,0,0,1,1,0
2021-05-13,134,90,10,10,0,0,0,0,0
2021-05-14,176,118,13,13,0,0,0,0,0
2021-05-15,74,51,4,4,0,0,1,1,0
2021-05-16,44,36,6,6,0,0,0,0,0
2021-05-17,70,54,4,4,0,0,0,0,0
2021-05-18,62,39,4,4,0,0,1,1,0
2021-05-19,86,49,4,2,0,0,0,0,0
2021-05-20,50,43,0,0,0,0,0,0,0
2021-05-21,82,54,4,4,0,0,0,0,0
2021-05-22,48,41,4,3,0,0,0,0,0
2021-05-23,38,29,4,2,0,0,0,0,0
2021-05-24,14006,11095,1014,825,0,0,252,231,1
2021-05-25,7190,6015,494,441,0,0,192,174,0
2021-05-26,1168,963,106,91,0,0,27,27,0
2021-05-27,724,573,42,42,0,0,20,17,0
2021-05-28,368,276,32,27,0,0,7,7,0
2021-05-29,100,91,2,2,0,0,0,0,0
2021-05-30,142,109,4,2,0,0,7,5,0
2021-05-31,234,191,16,14,0,0,4,4,0
2021-06-01,188,135,8,8,0,0,4,3,0
2021-06-02,138,110,26,20,0,0,5,5,0
2021-06-03,82,64,6,6,0,0,0,0,0
2021-06-04,136,103,4,4,0,0,1,1,0
2021-06-05,572,497,32,32,0,0,13,13,0
2021-06-06,92,66,8,8,0,0,0,0,0
2021-06-07,140,103,10,10,0,0,1,1,0
2021-06-08,78,54,2,2,0,0,0,0,0
2021-06-09,192,118,8,8,0,0,3,3,0
2021-06-10,80,65,4,4,0,0,1,1,0
2021-06-11,74,42,2,2,0,0,0,0,0
2021-06-12,36,30,0,0,0,0,0,0,0
2021-06-13,56,47,2,2,1,1,1,1,0
2021-06-14,58,38,4,4,0,0,1,1,0
2021-06-15,114,75,8,8,0,0,0,0,0
2021-06-16,76,58,8,8,0,0,1,1,0
2021-06-17,74,58,4,4,0,0,1,1,0
2021-06-18,110,68,2,2,1,1,0,0,0
2021-06-19,44,38,4,4,0,0,0,0,0
2021-06-20,182,153,12,7,0,0,3,3,0
2021-06-21,118,85,8,8,0,0,0,0,0
2021-06-22,110,68,8,6,1,1,0,0,0
2021-06-23,110,77,8,8,0,0,0,0,0
2021-06-24,62,49,2,2,0,0,0,0,0
2021-06-25,102,61,8,7,0,0,0,0,0
2021-06-26,80,47,2,2,0,0,0,0,0
2021-06-27,104,81,8,6,0,0,0,0,0
2021-06-28,72,62,4,4,0,0,0,0,0
2021-06-29,116,70,4,4,0,0,0,0,0
2021-06-30,78,61,2,2,0,0,1,1,0
2021-07-01,46,32,2,2,1,1,0,0,0
2021-07-02,56,38,6,4,0,0,0,0,0
2021-07-03,118,62,6,6,1,1,0,0,0
2021-07-04,70,57,4,2,0,0,0,0,0
2021-07-05,64,56,4,4,0,0,0,0,0
2021-07-06,42,26,0,0,0,0,0,0,0
2021-07-07,98,65,0,0,0,0,1,1,0
2021-07-08,82,56,4,4,0,0,1,1,0
2021-07-09,142,76,10,8,0,0,1,1,0
2021-07-10,34,32,0,0,0,0,0,0,0
2021-07-11,50,38,2,2,0,0,0,0,0
2021-07-12,94,70,4,4,0,0,0,0,0
2021-07-13,76,53,4,4,0,0,0,0,0
2021-07-14,54,45,2,2,0,0,0,0,0
2021-07-15,136,78,10,10,1,1,1,1,0
2021-07-16,102,63,6,6,0,0,0,0,0
2021-07-17,62,43,4,4,0,0,1,1,0
2021-07-18,68,58,2,2,0,0,0,0,0
2021-07-19,88,69,2,2,0,0,0,0,0
2021-07-20,188,100,12,10,0,0,0,0,0
2021-07-21,106,72,2,2,0,0,0,0,0
2021-07-22,198,52,20,8,3,1,0,0,0
2021-07-23,98,53,10,10,0,0,1,1,0
2021-07-24,72,56,2,2,0,0,0,0,0
2021-07-25,86,56,4,4,0,0,1,1,0
2021-07-26,1000,656,34,31,6,5,3,3,2
2021-07-27,466,283,36,28,4,4,0,0,0
2021-07-28,13236,10035,844,671,168,133,47,44,1
2021-07-29,11806,8728,672,546,142,115,41,33,0
2021-07-30,5268,3085,276,242,74,57,20,19,0
2021-07-31,10846,7042,532,427,71,45,43,31,1
2021-08-01,5432,4005,190,174,16,10,24,21,0
2021-08-02,766,613,40,34,4,3,5,3,0
2021-08-03,276,209,12,10,1,1,2,2,0
2021-08-04,138,98,8,6,0,0,1,1,0
2021-08-05,144,92,16,15,0,0,0,0,0
2021-08-06,68,59,2,2,0,0,0,0,0
2021-08-07,92,69,2,2,2,2,1,1,0
2021-08-08,76,56,2,2,0,0,0,0,0
2021-08-09,62,42,4,4,1,1,1,1,0
2021-08-10,28,28,0,0,0,0,0,0,0
2021-08-11,50,42,2,2,0,0,2,2,0
2021-08-12,64,47,6,6,0,0,1,1,0
2021-08-13,34,30,0,0,0,0,0,0,0
2021-08-14,28,26,0,0,0,0,0,0,0
2021-08-15,28,27,0,0,0,0,0,0,0
2021-08-16,26,20,2,2,1,1,0,0,0
2021-08-17,46,31,4,4,0,0,0,0,0
2021-08-18,52,45,2,2,0,0,2,1,0
2021-08-19,68,45,4,4,1,1,5,2,0
2021-08-20,42,28,2,2,0,0,0,0,0
2021-08-21,30,28,0,0,0,0,0,0,0
2021-08-22,24,24,0,0,0,0,0,0,0
2021-08-23,38,30,2,2,0,0,0,0,0
2021-08-24,38,33,0,0,0,0,0,0,0
2021-08-25,66,33,0,0,0,0,1,1,0
2021-08-26,54,40,0,0,0,0,0,0,0
2021-08-27,40,27,0,0,0,0,0,0,0
2021-08-28,38,23,2,2,0,0,0,0,0
2021-08-29,16,12,2,2,3,1,0,0,0
2021-08-30,12,12,0,0,0,0,0,0,0
2021-08-31,30,21,0,0,2,1,0,0,0
2021-09-01,26,21,0,0,0,0,0,0,0
2021-09-02,56,50,4,2,0,0,0,0,0
2021-09-03,50,44,0,0,0,0,0,0,0
2021-09-04,20,18,4,2,0,0,0,0,0
2021-09-05,18,15,2,2,0,0,0,0,0
2021-09-06,40,29,4,4,0,0,0,0,0
2021-09-07,26,24,0,0,0,0,0,0,0
2021-09-08,62,36,10,3,0,0,0,0,0
2021-09-09,56,40,8,4,1,1,0,0,0
2021-09-10,16,16,0,0,0,0,0,0,0
2021-09-11,16,15,0,0,0,0,0,0,0
2021-09-12,24,20,0,0,0,0,0,0,0
2021-09-13,26,25,2,2,0,0,0,0,0
2021-09-14,38,26,0,0,0,0,2,2,0
2021-09-15,16,14,0,0,0,0,1,1,0
2021-09-16,44,24,0,0,0,0,1,1,0
2021-09-17,14,8,0,0,0,0,0,0,0
2021-09-18,34,28,0,0,0,0,1,1,0
2021-09-19,12,8,0,0,0,0,1,1,0
2021-09-20,22,20,2,2,0,0,0,0,0
2021-09-21,10,10,0,0,0,0,0,0,0
2021-09-22,42,31,4,4,0,0,0,0,0
2021-09-23,46,33,0,0,0,0,0,0,0
2021-09-24,20,17,2,2,0,0,0,0,0
2021-09-25,30,24,0,0,0,0,0,0,0
2021-09-26,26,16,0,0,0,0,0,0,0
2021-09-27,22,20,2,2,0,0,0,0,0
2021-09-28,6,6,0,0,0,0,0,0,0
2021-09-29,12,12,0,0,0,0,0,0,0
2021-09-30,42,22,2,2,0,0,0,0,0
2021-10-01,24,15,4,2,0,0,0,0,0
2021-10-02,8,7,0,0,0,0,0,0,0
2021-10-03,16,14,0,0,0,0,0,0,0
2021-10-04,8,7,0,0,0,0,0,0,0
2021-10-05,14,12,0,0,0,0,0,0,0
2021-10-06,16,11,4,4,0,0,0,0,0
2021-10-07,14,12,2,2,0,0,1,1,0
2021-10-08,32,22,0,0,0,0,0,0,0
2021-10-09,20,18,0,0,0,0,0,0,0
2021-10-10,10,8,0,0,0,0,0,0,0
2021-10-11,16,16,2,2,0,0,0,0,0
2021-10-12,16,14,2,2,0,0,0,0,0
2021-10-13,8,4,0,0,0,0,0,0,0
2021-10-14,20,14,0,0,0,0,0,0,0
2021-10-15,26,21,0,0,0,0,0,0,0
2021-10-16,14,12,0,0,0,0,1,1,0
2021-10-17,12,12,0,0,0,0,0,0,0
2021-10-18,12,11,2,2,0,0,0,0,0
2021-10-19,18,16,0,0,0,0,0,0,0
2021-10-20,12,10,0,0,0,0,0,0,0
2021-10-21,20,17,0,0,0,0,0,0,0
2021-10-22,6,6,0,0,0,0,0,0,0
2021-10-23,18,15,0,0,0,0,0,0,0
2021-10-24,4,4,0,0,0,0,0,0,0
2021-10-25,12,9,0,0,0,0,0,0,0
2021-10-26,18,16,0,0,0,0,0,0,0
2021-10-27,12,12,2,2,0,0,0,0,0
2021-10-28,10,6,0,0,0,0,0,0,0
2021-10-29,30,19,2,2,0,0,0,0,0
2021-10-30,8,8,0,0,0,0,0,0,0
2021-10-31,8,6,0,0,0,0,0,0,0
2021-11-01,8,6,0,0,0,0,0,0,0
2021-11-02,22,16,0,0,1,1,0,0,0
2021-11-03,14,9,0,0,0,0,0,0,0
2021-11-04,30,26,2,2,0,0,0,0,0
2021-11-05,98,84,0,0,0,0,0,0,0
2021-11-06,8,6,0,0,0,0,0,0,0
2021-11-07,14,12,0,0,0,0,0,0,0
2021-11-08,14,14,0,0,1,1,0,0,0
2021-11-09,12,10,0,0,0,0,0,0,0
2021-11-10,18,18,2,2,0,0,0,0,0
2021-11-11,22,16,0,0,0,0,1,1,0
2021-11-12,2,2,0,0,0,0,0,0,0
2021-11-13,8,6,0,0,0,0,0,0,0
2021-11-14,8,6,0,0,0,0,0,0,0
2021-11-15,12,12,0,0,0,0,0,0,0
2021-11-16,20,17,0,0,0,0,0,0,0
2021-11-17,10,10,0,0,0,0,0,0,0
2021-11-18,16,12,0,0,0,0,0,0,0
2021-11-19,16,16,0,0,0,0,0,0,0
2021-11-20,4,4,0,0,0,0,0,0,0
2021-11-21,4,4,2,2,0,0,0,0,0
2021-11-22,20,16,0,0,0,0,0,0,0
2021-11-23,10,10,0,0,0,0,0,0,0
2021-11-24,2,2,0,0,0,0,0,0,0
2021-11-25,6,6,0,0,0,0,0,0,0
2021-11-26,12,8,0,0,0,0,0,0,0
2021-11-27,8,6,0,0,0,0,0,0,0
2021-11-28,2,2,0,0,0,0,0,0,0
2021-11-29,26,17,0,0,0,0,0,0,0
2021-11-30,2,2,0,0,0,0,0,0,0
2021-12-01,2,2,0,0,0,0,0,0,0
2021-12-02,4,4,0,0,0,0,0,0,0
2021-12-03,10,10,0,0,0,0,1,1,0
2021-12-04,6,6,0,0,0,0,0,0,0
2021-12-05,4,4,0,0,0,0,0,0,0
2021-12-06,4,4,0,0,0,0,0,0,0
2021-12-07,2,2,0,0,0,0,0,0,0
2021-12-08,20,14,0,0,0,0,0,0,0
2021-12-09,10,8,0,0,0,0,0,0,0
2021-12-10,10,8,0,0,0,0,0,0,0
2021-12-11,268,19,26,5,2,1,0,0,0
2021-12-12,3164,2292,134,90,0,0,4,4,1
2021-12-13,586,464,24,18,0,0,1,1,0
2021-12-14,194,129,6,6,1,1,0,0,0
2021-12-15,76,45,0,0,0,0,0,0,0
2021-12-16,7178,5423,302,228,0,0,15,11,1
2021-12-17,1216,877,44,30,0,0,1,1,0
2021-12-18,138,103,6,6,0,0,0,0,0
2021-12-19,98,72,6,3,0,0,0,0,0
2021-12-20,52,46,4,4,0,0,2,1,0
2021-12-21,84,39,4,3,0,0,0,0,0
2021-12-22,42,29,0,0,0,0,0,0,0
2021-12-23,22,17,0,0,0,0,1,1,0
2021-12-24,32,23,0,0,0,0,0,0,0
2021-12-25,24,11,0,0,0,0,0,0,0
2021-12-26,60,35,0,0,0,0,0,0,0
2021-12-27,20,17,2,2,0,0,0,0,0
2021-12-28,34,23,2,2,0,0,0,0,0
2021-12-29,16,9,0,0,0,0,0,0,0
2021-12-30,16,13,0,0,0,0,0,0,0
2021-12-31,24,23,2,2,0,0,0,0,0
2022-01-01,22,19,0,0,0,0,0,0,0
2022-01-02,12,12,2,2,0,0,0,0,0
2022-01-03,60,58,2,2,0,0,1,1,0
2022-01-04,16,12,2,2,0,0,0,0,0
2022-01-05,42,34,2,2,0,0,0,0,0
2022-01-06,32,19,0,0,0,0,0,0,0
2022-01-07,12,7,0,0,0,0,0,0,0
2022-01-08,6,6,0,0,0,0,0,0,0
2022-01-09,4,2,0,0,0,0,0,0,0
2022-01-10,18,10,0,0,0,0,0,0,0
2022-01-11,40,17,0,0,0,0,0,0,0
2022-01-12,8,8,0,0,0,0,0,0,0
2022-01-13,26,13,0,0,0,0,0,0,0
2022-01-14,4,4,0,0,0,0,0,0,0
2022-01-15,14,10,2,2,0,0,0,0,0
2022-01-16,14,8,0,0,0,0,0,0,0
2022-01-17,12,12,0,0,0,0,0,0,0
2022-01-18,22,16,2,2,0,0,0,0,0
2022-01-19,10,10,0,0,0,0,0,0,0
2022-01-20,14,6,0,0,0,0,0,0,0
2022-01-21,6,6,0,0,0,0,0,0,0
2022-01-22,14,11,0,0,0,0,0,0,0
2022-01-23,36,22,0,0,0,0,1,1,0
2022-01-24,20,20,0,0,0,0,0,0,0
2022-01-25,10,10,0,0,0,0,0,0,0
2022-01-26,12,10,0,0,0,0,0,0,0
2022-01-27,2,2,0,0,0,0,0,0,0
2022-01-28,2,2,0,0,0,0,0,0,0
2022-01-29,4,4,0,0,0,0,0,0,0
2022-01-30,6,4,0,0,0,0,0,0,0
2022-01-31,8,4,0,0,0,0,0,0,0
2022-02-01,6,6,0,0,0,0,0,0,0
2022-02-02,8,8,4,2,0,0,0,0,0
2022-02-03,2,2,0,0,0,0,0,0,0
2022-02-04,4,4,0,0,0,0,0,0,0
2022-02-05,14,14,0,0,0,0,0,0,0
2022-02-06,18,15,2,2,0,0,0,0,0
2022-02-07,4,4,0,0,0,0,0,0,0
2022-02-08,4,4,0,0,0,0,0,0,0
2022-02-09,14,12,0,0,0,0,0,0,0
2022-02-11,18,13,4,4,0,0,0,0,0
2022-02-12,8,8,0,0,0,0,0,0,0
2022-02-13,10,6,0,0,0,0,0,0,0
2022-02-14,24,9,6,4,0,0,1,1,0
2022-02-15,10,6,0,0,0,0,0,0,0
2022-02-16,8,4,0,0,0,0,0,0,0
2022-02-17,18,8,0,0,0,0,0,0,0
2022-02-18,8,8,0,0,0,0,2,1,0
2022-02-19,6,4,0,0,0,0,0,0,0
2022-02-20,12,11,0,0,0,0,0,0,0
2022-02-21,28,15,0,0,0,0,1,1,0
2022-02-22,4,4,0,0,0,0,0,0,0
2022-02-23,6,6,0,0,0,0,0,0,0
2022-02-24,10,10,0,0,0,0,0,0,0
2022-02-25,20,8,0,0,0,0,0,0,0
2022-02-26,2,2,0,0,0,0,0,0,0
2022-02-27,16,12,0,0,0,0,3,3,0
2022-02-28,4,2,0,0,0,0,0,0,0
2022-03-01,54,36,4,4,0,0,1,1,0
2022-03-02,10,10,0,0,0,0,0,0,0
2022-03-03,8,6,0,0,0,0,0,0,0
2022-03-04,14,13,0,0,0,0,0,0,0
2022-03-05,2,2,0,0,0,0,0,0,0
2022-03-06,12,10,0,0,0,0,0,0,0
2022-03-07,8,6,0,0,0,0,0,0,0
2022-03-08,4,2,0,0,0,0,0,0,0
2022-03-09,10,10,0,0,0,0,0,0,0
2022-03-10,4,2,0,0,0,0,0,0,0
2022-03-11,22,14,0,0,0,0,0,0,0
2022-03-12,4,4,0,0,0,0,0,0,0
2022-03-13,18,11,0,0,0,0,0,0,0
2022-03-14,10,6,0,0,0,0,0,0,0
2022-03-15,6,6,2,2,0,0,0,0,0
2022-03-16,10,9,0,0,0,0,0,0,0
2022-03-17,16,4,0,0,0,0,0,0,0
2022-03-18,10,8,2,2,0,0,0,0,0
2022-03-19,6,6,0,0,0,0,0,0,0
2022-03-20,18,9,0,0,0,0,0,0,0
2022-03-21,10,9,0,0,0,0,0,0,0
2022-03-22,10,10,2,2,0,0,0,0,0
2022-03-23,16,10,0,0,0,0,0,0,0
2022-03-24,14,12,0,0,0,0,0,0,0
2022-03-25,20,7,0,0,0,0,0,0,0
2022-03-26,2,2,0,0,0,0,0,0,0
2022-03-27,4,4,0,0,0,0,0,0,0
2022-03-28,12,8,0,0,0,0,0,0,0
2022-03-29,22,18,0,0,0,0,0,0,0
2022-03-30,8,4,0,0,0,0,0,0,0
2022-03-31,24,10,2,2,0,0,0,0,0
2022-04-01,8,8,0,0,0,0,0,0,0
2022-04-02,64,24,24,4,0,0,1,1,0
2022-04-03,8,5,0,0,0,0,0,0,0
2022-04-04,10,8,0,0,0,0,0,0,0
2022-04-05,8,6,0,0,0,0,0,0,0
2022-04-06,2,2,0,0,0,0,0,0,0
2022-04-07,6,6,0,0,0,0,0,0,0
2022-04-08,36,21,2,2,0,0,0,0,0
2022-04-09,2,2,0,0,0,0,0,0,0
2022-04-10,8,8,0,0,0,0,0,0,0
2022-04-11,8,8,0,0,0,0,0,0,0
2022-04-12,6,6,0,0,0,0,0,0,0
2022-04-13,4,4,0,0,0,0,0,0,0
2022-04-14,14,12,0,0,0,0,0,0,0
2022-04-15,16,9,2,2,0,0,0,0,0
2022-04-16,6,6,0,0,0,0,0,0,0
2022-04-17,2,2,0,0,0,0,0,0,0
2022-04-18,2,2,0,0,0,0,0,0,0
2022-04-19,8,6,0,0,0,0,0,0,0
2022-04-20,4,4,0,0,0,0,0,0,0
2022-04-21,8,6,0,0,0,0,0,0,0
2022-04-22,14,10,0,0,0,0,0,0,0
2022-04-23,4,4,0,0,0,0,0,0,0
2022-04-24,8,8,0,0,0,0,0,0,0
2022-04-25,4,4,0,0,0,0,0,0,0
2022-04-26,8,6,0,0,0,0,0,0,0
2022-04-27,4,4,0,0,0,0,1,1,0
2022-04-28,4,4,0,0,0,0,0,0,0
2022-04-29,16,5,2,2,0,0,0,0,0
2022-04-30,14,8,0,0,0,0,0,0,0
2022-05-01,10,10,0,0,0,0,0,0,0
2022-05-02,10,6,0,0,0,0,0,0,0
2022-05-03,14,10,0,0,0,0,0,0,0
2022-05-04,8,8,0,0,0,0,0,0,0
2022-05-05,4,4,0,0,0,0,0,0,0
2022-05-06,10,6,0,0,0,0,0,0,0
2022-05-07,30,17,6,4,0,0,0,0,0
2022-05-08,18,11,2,2,0,0,0,0,0
2022-05-09,4,4,0,0,0,0,0,0,0
2022-05-10,16,12,0,0,0,0,0,0,0
2022-05-11,24,7,0,0,0,0,0,0,0
2022-05-12,18,12,0,0,0,0,0,0,0
2022-05-13,16,14,0,0,0,0,0,0,0
2022-05-14,4,4,0,0,0,0,0,0,0
2022-05-15,10,8,0,0,0,0,0,0,0
2022-05-16,18,12,4,2,0,0,0,0,0
2022-05-17,12,8,0,0,0,0,0,0,0
2022-05-18,2,2,0,0,0,0,0,0,0
2022-05-19,10,8,0,0,0,0,0,0,0
2022-05-20,8,8,0,0,0,0,0,0,0
2022-05-21,8,6,0,0,0,0,0,0,0
2022-05-22,8,8,0,0,0,0,0,0,0
2022-05-23,8,8,0,0,0,0,0,0,0
2022-05-24,6,4,0,0,0,0,0,0,0
2022-05-25,2,2,0,0,0,0,0,0,0
2022-05-26,6,6,0,0,0,0,0,0,0
2022-05-27,12,10,0,0,0,0,0,0,0
2022-05-28,2,2,0,0,0,0,0,0,0
2022-05-29,48,11,8,7,0,0,0,0,0
2022-05-30,16,14,0,0,0,0,0,0,0
2022-05-31,24,9,0,0,0,0,0,0,0
2022-06-01,4,2,0,0,0,0,0,0,0
2022-06-02,6,6,0,0,0,0,0,0,0
2022-06-03,2,2,0,0,0,0,0,0,0
2022-06-04,2,2,0,0,0,0,0,0,0
2022-06-05,2,2,0,0,0,0,0,0,0
2022-06-06,2,2,0,0,0,0,0,0,0
2022-06-07,10,10,0,0,0,0,0,0,0
2022-06-08,4,4,0,0,0,0,0,0,0
2022-06-09,24,15,0,0,0,0,0,0,0
2022-06-10,8,4,0,0,0,0,0,0,0
2022-06-11,2,2,0,0,0,0,0,0,0
2022-06-12,4,3,0,0,0,0,0,0,0
2022-06-13,4,4,0,0,0,0,0,0,0
2022-06-14,16,4,0,0,0,0,0,0,0
2022-06-15,12,10,0,0,0,0,0,0,0
2022-06-16,6,6,0,0,0,0,0,0,0
2022-06-17,10,6,0,0,0,0,0,0,0
2022-06-18,10,8,2,2,0,0,0,0,0
2022-06-19,8,6,0,0,0,0,0,0,0
2022-06-20,8,8,0,0,0,0,0,0,0
2022-06-21,6,2,0,0,0,0,0,0,0
2022-06-22,4,4,0,0,0,0,0,0,0
2022-06-24,2,2,0,0,0,0,0,0,0
2022-06-25,6,6,0,0,0,0,0,0,0
2022-06-26,12,8,0,0,0,0,0,0,0
2022-06-27,8,8,0,0,0,0,0,0,0
2022-06-28,6,2,0,0,0,0,0,0,0
2022-06-30,6,6,0,0,0,0,0,0,0
2022-07-01,8,6,2,2,0,0,0,0,0
2022-07-02,2,2,0,0,0,0,0,0,0
2022-07-03,6,4,0,0,0,0,0,0,0
2022-07-04,8,8,0,0,0,0,0,0,0
2022-07-05,8,8,0,0,0,0,0,0,0
2022-07-06,4,3,0,0,0,0,1,1,0
2022-07-10,4,4,0,0,0,0,0,0,0
2022-07-11,14,8,2,2,0,0,0,0,0
2022-07-12,4,4,0,0,0,0,0,0,0
2022-07-13,4,4,0,0,0,0,0,0,0
2022-07-14,10,10,0,0,0,0,0,0,0
2022-07-15,4,4,0,0,0,0,0,0,0
2022-07-16,2,2,0,0,0,0,0,0,0
2022-07-17,6,6,0,0,0,0,0,0,0
2022-07-18,10,5,0,0,0,0,0,0,0
2022-07-19,10,8,0,0,0,0,0,0,0
2022-07-20,8,6,0,0,0,0,0,0,0
2022-07-21,6,6,0,0,0,0,0,0,0
2022-07-22,8,6,0,0,0,0,0,0,0
2022-07-23,4,4,0,0,0,0,0,0,0
2022-07-24,6,4,4,2,0,0,0,0,0
2022-07-25,10,6,2,2,0,0,0,0,0
2022-07-26,4,4,0,0,0,0,0,0,0
2022-07-27,10,9,2,2,0,0,0,0,0
2022-07-28,4,2,0,0,0,0,0,0,0
2022-07-29,62,32,16,6,0,0,0,0,0
2022-07-30,10,10,0,0,0,0,0,0,0
2022-07-31,10,6,0,0,0,0,0,0,0
2022-08-01,16,12,0,0,0,0,0,0,0
2022-08-02,6,6,0,0,0,0,0,0,0
2022-08-03,6,6,2,2,0,0,0,0,0
2022-08-04,2,2,0,0,0,0,0,0,0
2022-08-05,12,10,0,0,0,0,0,0,0
2022-08-06,2,2,0,0,0,0,0,0,0
2022-08-07,4,4,0,0,0,0,0,0,0
2022-08-08,6,6,0,0,0,0,0,0,0
2022-08-09,4,4,0,0,0,0,0,0,0
2022-08-10,8,3,0,0,0,0,0,0,0
2022-08-12,2,2,0,0,0,0,0,0,0
2022-08-13,6,6,0,0,0,0,0,0,0
2022-08-14,8,4,0,0,0,0,0,0,0
2022-08-15,12,10,0,0,0,0,0,0,0
2022-08-16,4,4,0,0,0,0,0,0,0
2022-08-17,2,2,0,0,0,0,0,0,0
2022-08-18,18,9,0,0,0,0,0,0,0
2022-08-19,2,2,0,0,0,0,0,0,0
2022-08-20,10,9,2,2,0,0,0,0,0
2022-08-21,10,10,2,2,0,0,0,0,0
2022-08-22,28,12,0,0,0,0,0,0,0
2022-08-23,6,6,0,0,0,0,0,0,0
2022-08-24,10,8,2,2,0,0,0,0,0
2022-08-25,44,15,0,0,0,0,0,0,0
2022-08-26,18,10,0,0,0,0,0,0,0
2022-08-27,6,5,0,0,0,0,0,0,0
2022-08-28,6,6,0,0,0,0,0,0,0
2022-08-29,4,3,0,0,0,0,0,0,0
2022-08-30,48,22,2,2,0,0,0,0,0
2022-08-31,22,14,0,0,0,0,0,0,0
2022-09-01,2,2,0,0,0,0,0,0,0
2022-09-02,14,10,0,0,0,0,0,0,0
2022-09-03,8,8,0,0,0,0,0,0,0
2022-09-04,6,6,0,0,0,0,0,0,0
2022-09-05,8,8,2,2,0,0,0,0,0
2022-09-06,8,5,0,0,0,0,0,0,0
2022-09-07,2,2,0,0,0,0,0,0,0
2022-09-08,16,8,0,0,0,0,0,0,0
2022-09-09,2,2,0,0,0,0,0,0,0
2022-09-10,4,4,0,0,0,0,0,0,0
2022-09-12,16,10,0,0,0,0,0,0,0
2022-09-13,18,10,2,2,0,0,0,0,0
2022-09-14,38,16,2,2,0,0,0,0,0
2022-09-15,14,10,0,0,0,0,0,0,0
2022-09-16,10,8,0,0,0,0,0,0,0
2022-09-17,4,4,0,0,0,0,0,0,0
2022-09-18,8,4,0,0,0,0,0,0,0
2022-09-19,14,11,0,0,0,0,0,0,0
2022-09-20,12,10,0,0,0,0,0,0,0
2022-09-21,24,5,0,0,0,0,0,0,0
2022-09-22,10,7,0,0,0,0,0,0,0
2022-09-23,14,5,0,0,0,0,0,0,0
2022-09-24,18,11,0,0,0,0,0,0,0
2022-09-25,20,10,0,0,0,0,0,0,0
2022-09-26,82,14,6,5,0,0,0,0,0
2022-09-27,10,6,0,0,0,0,0,0,0
2022-09-28,26,13,0,0,0,0,0,0,0
2022-09-29,12,10,0,0,0,0,0,0,0
2022-09-30,2,2,0,0,0,0,0,0,0
2022-10-03,10,8,0,0,0,0,0,0,0
2022-10-04,4,4,0,0,0,0,0,0,0
2022-10-05,6,4,0,0,0,0,0,0,0
2022-10-06,6,4,0,0,0,0,0,0,0
2022-10-07,2,2,0,0,0,0,0,0,0
2022-10-08,2,2,0,0,0,0,0,0,0
2022-10-09,14,4,0,0,0,0,0,0,0
2022-10-10,20,8,2,2,0,0,0,0,0
2022-10-11,6,6,0,0,0,0,0,0,0
2022-10-12,18,13,2,2,0,0,0,0,0
2022-10-13,2,2,0,0,0,0,0,0,0
2022-10-14,4,4,0,0,0,0,0,0,0
2022-10-15,6,4,0,0,0,0,0,0,0
2022-10-16,4,3,0,0,0,0,0,0,0
2022-10-17,2,2,0,0,0,0,0,0,0
2022-10-18,14,10,0,0,0,0,0,0,0
2022-10-19,20,9,0,0,0,0,0,0,0
2022-10-20,2,2,0,0,0,0,0,0,0
2022-10-21,10,7,0,0,0,0,0,0,0
2022-10-22,2,2,0,0,0,0,0,0,0
2022-10-23,2,2,0,0,0,0,0,0,0
2022-10-24,2,2,0,0,0,0,0,0,0
2022-10-25,14,8,0,0,0,0,0,0,0
2022-10-26,14,9,0,0,0,0,1,1,0
2022-10-27,46,44,0,0,0,0,0,0,0
2022-10-28,4,4,0,0,0,0,0,0,0
2022-10-29,4,4,0,0,0,0,0,0,0
2022-10-30,12,5,0,0,0,0,1,1,0
2022-10-31,36,8,4,2,0,0,0,0,0
2022-11-01,6,6,0,0,0,0,0,0,0
2022-11-02,8,8,0,0,0,0,0,0,0
2022-11-04,0,0,0,0,0,0,0,0,0
2022-11-05,14,11,0,0,0,0,0,0,0
2022-11-06,14,10,2,2,0,0,0,0,0
2022-11-07,10,8,0,0,0,0,0,0,0
2022-11-08,4,4,0,0,0,0,0,0,0
2022-11-09,2,2,0,0,0,0,0,0,0
2022-11-10,8,2,0,0,0,0,0,0,0
2022-11-11,4,4,0,0,0,0,0,0,0
2022-11-12,10,8,0,0,0,0,0,0,0
2022-11-14,14,12,0,0,0,0,0,0,0
2022-11-15,4,4,0,0,0,0,0,0,0
2022-11-16,2,2,0,0,0,0,0,0,0
2022-11-17,4,4,0,0,0,0,0,0,0
2022-11-18,6,6,0,0,0,0,0,0,0
2022-11-20,10,10,0,0,0,0,0,0,0
2022-11-21,8,8,0,0,0,0,0,0,0
2022-11-22,20,7,0,0,0,0,0,0,0
2022-11-23,14,6,0,0,0,0,0,0,0
2022-11-24,4,4,0,0,0,0,0,0,0
2022-11-25,18,10,2,2,0,0,0,0,0
2022-11-26,2,2,0,0,0,0,0,0,0
2022-11-27,2,2,0,0,0,0,0,0,0
2022-11-28,2,2,0,0,0,0,0,0,0
2022-11-29,4,4,0,0,0,0,0,0,0
2022-11-30,4,4,0,0,0,0,0,0,0
2022-12-01,22,8,0,0,0,0,0,0,0
2022-12-02,4,4,0,0,0,0,0,0,0
2022-12-03,2,2,0,0,0,0,0,0,0
2022-12-05,8,6,0,0,0,0,0,0,0
2022-12-06,4,2,0,0,0,0,0,0,0
2022-12-07,4,4,0,0,0,0,0,0,0
2022-12-08,6,6,0,0,0,0,0,0,0
2022-12-09,30,7,0,0,0,0,0,0,0
2022-12-10,70,6,8,2,0,0,0,0,0
2022-12-11,4,2,0,0,0,0,0,0,0
2022-12-12,10,6,2,2,0,0,0,0,0
2022-12-13,8,5,0,0,0,0,0,0,0
2022-12-14,4,4,0,0,0,0,0,0,0
2022-12-16,2,2,0,0,0,0,0,0,0
2022-12-17,10,6,0,0,0,0,0,0,0
2022-12-19,6,6,0,0,0,0,0,0,0
2022-12-20,8,7,0,0,0,0,0,0,0
2022-12-22,14,10,0,0,0,0,0,0,0
2022-12-23,2,2,0,0,0,0,0,0,0
2022-12-24,8,5,0,0,0,0,0,0,0
2022-12-25,6,5,0,0,0,0,0,0,0
2022-12-26,8,4,0,0,0,0,0,0,0
2022-12-27,104,31,10,4,0,0,0,0,0
2022-12-28,28,8,0,0,0,0,0,0,0
2022-12-29,4,4,0,0,0,0,0,0,0
2022-12-30,10,2,0,0,0,0,0,0,0
2022-12-31,2,2,0,0,0,0,0,0,0
2023-01-01,4,4,0,0,0,0,0,0,0
2023-01-02,2,2,0,0,0,0,0,0,0
2023-01-03,6,6,0,0,0,0,0,0,0
2023-01-04,8,4,0,0,0,0,0,0,0
2023-01-05,24,5,0,0,0,0,0,0,0
2023-01-06,6,4,0,0,0,0,0,0,0
2023-01-07,16,10,0,0,0,0,0,0,0
2023-01-08,10,9,2,2,0,0,0,0,0
2023-01-09,4,4,0,0,0,0,0,0,0
2023-01-10,4,2,0,0,0,0,0,0,0
2023-01-11,2,2,0,0,0,0,0,0,0
2023-01-12,2,2,0,0,0,0,0,0,0
2023-01-13,12,9,0,0,0,0,0,0,0
2023-01-14,24,10,0,0,0,0,0,0,0
2023-01-15,10,4,0,0,0,0,0,0,0
2023-01-16,10,8,0,0,0,0,0,0,0
2023-01-17,20,8,0,0,1,1,0,0,0
2023-01-18,2,2,0,0,0,0,0,0,0
2023-01-19,16,5,0,0,0,0,0,0,0
2023-01-20,12,5,0,0,0,0,0,0,0
2023-01-21,4,4,0,0,0,0,0,0,0
2023-01-22,2,2,0,0,0,0,0,0,0
2023-01-23,6,5,0,0,0,0,0,0,0
2023-01-25,2,2,0,0,0,0,0,0,0
2023-01-26,2,2,0,0,0,0,0,0,0
2023-01-27,10,8,0,0,0,0,0,0,0
2023-01-28,8,8,0,0,0,0,0,0,0
2023-01-29,10,8,0,0,0,0,0,0,0
2023-01-30,13490,10278,410,338,0,0,19,17,1
2023-01-31,3148,2539,66,54,0,0,4,4,0
2023-02-01,148,119,4,4,0,0,0,0,0
2023-02-02,64,48,2,2,0,0,1,1,0
2023-02-03,74,44,6,6,0,0,0,0,0
2023-02-04,26,14,2,2,0,0,0,0,0
2023-02-05,32,20,2,2,0,0,0,0,0
2023-02-06,22,18,2,2,0,0,0,0,0
2023-02-07,34,19,2,2,0,0,2,1,0
2023-02-08,26,17,0,0,0,0,0,0,0
2023-02-09,18,14,0,0,0,0,1,1,0
2023-02-10,26,20,0,0,0,0,0,0,0
2023-02-11,14,14,6,4,0,0,1,1,0
2023-02-12,14,12,0,0,0,0,0,0,0
2023-02-13,12,8,0,0,0,0,0,0,0
2023-02-14,14,12,2,2,0,0,0,0,0
2023-02-15,6,6,0,0,0,0,0,0,0
2023-02-16,12,12,0,0,0,0,0,0,0
2023-02-17,10,10,0,0,0,0,1,1,0
2023-02-18,28,10,0,0,0,0,0,0,0
2023-02-19,4,4,0,0,0,0,0,0,0
2023-02-20,12,10,0,0,1,1,0,0,0
2023-02-21,20,16,0,0,0,0,0,0,0
2023-02-22,8,6,0,0,0,0,0,0,0
2023-02-23,8,8,0,0,0,0,0,0,0
2023-02-24,4,4,0,0,0,0,0,0,0
2023-02-25,40,20,0,0,0,0,0,0,0
2023-02-26,6,5,0,0,0,0,0,0,0
2023-02-27,18,16,4,2,0,0,0,0,0
2023-02-28,38,24,0,0,0,0,0,0,0
2023-03-01,12,12,0,0,0,0,0,0,0
2023-03-02,14,8,0,0,0,0,0,0,0
2023-03-03,26,11,0,0,0,0,0,0,0
2023-03-04,32,14,0,0,0,0,0,0,0
2023-03-05,8,7,2,2,0,0,0,0,0
2023-03-06,2,2,0,0,0,0,0,0,0
2023-03-07,8,2,0,0,0,0,0,0,0
2023-03-08,14,12,0,0,0,0,0,0,0
2023-03-09,34,12,4,2,0,0,0,0,0
2023-03-10,40,18,0,0,0,0,0,0,0
2023-03-11,10,10,0,0,0,0,0,0,0
2023-03-12,36,22,4,4,0,0,0,0,0
2023-03-13,16,8,0,0,0,0,0,0,0
2023-03-14,20,12,0,0,0,0,0,0,0
2023-03-15,36,21,2,2,0,0,1,1,0
2023-03-16,4,4,0,0,0,0,0,0,0
2023-03-17,24,14,0,0,0,0,0,0,0
2023-03-18,6,6,0,0,0,0,0,0,0
2023-03-19,2,2,0,0,0,0,0,0,0
2023-03-20,36,29,8,4,0,0,0,0,0
2023-03-21,12,12,0,0,0,0,0,0,0
2023-03-22,10,7,2,2,0,0,0,0,0
2023-03-23,14,11,0,0,0,0,0,0,0
2023-03-24,10,8,0,0,0,0,0,0,0
2023-03-25,0,0,0,0,0,0,0,0,0
2023-03-26,6,6,0,0,0,0,0,0,0
2023-03-27,18,15,0,0,0,0,0,0,0
2023-03-28,24,19,2,2,0,0,0,0,0
2023-03-29,28,20,0,0,0,0,0,0,0
2023-03-30,58,40,0,0,0,0,0,0,0
2023-03-31,12,9,4,3,0,0,0,0,0
2023-04-01,126,74,0,0,0,0,0,0,0
2023-04-02,8,6,0,0,0,0,0,0,0
2023-04-03,12,10,0,0,0,0,0,0,0
2023-04-04,18,8,0,0,0,0,0,0,0
2023-04-05,16,15,0,0,0,0,0,0,0
2023-04-06,6,6,0,0,0,0,0,0,0
2023-04-07,6,5,0,0,0,0,0,0,0
2023-04-08,18,18,0,0,0,0,0,0,0
2023-04-09,10,8,0,0,0,0,0,0,0
2023-04-10,20,12,0,0,3,1,0,0,0
2023-04-11,18,12,2,2,0,0,0,0,0
2023-04-12,6,6,0,0,0,0,0,0,0
2023-04-13,20,11,0,0,0,0,0,0,0
2023-04-14,6,6,0,0,0,0,0,0,0
2023-04-15,10,6,0,0,0,0,0,0,0
2023-04-16,26,8,0,0,0,0,0,0,0
2023-04-17,18,16,0,0,0,0,0,0,0
2023-04-18,4,4,0,0,0,0,0,0,0
2023-04-19,14,10,0,0,0,0,0,0,0
2023-04-20,6,6,0,0,0,0,0,0,0
2023-04-21,18,14,0,0,0,0,0,0,0
2023-04-22,10,4,0,0,0,0,0,0,0
2023-04-23,28,17,0,0,0,0,0,0,0
2023-04-24,12,6,0,0,0,0,0,0,0
2023-04-25,36,14,0,0,0,0,0,0,0
2023-04-26,14,9,2,2,0,0,0,0,0
2023-04-27,28,21,0,0,0,0,0,0,0
2023-04-28,18,13,2,2,0,0,0,0,0
2023-04-29,14,8,0,0,0,0,0,0,0
2023-04-30,8,8,0,0,0,0,0,0,0
2023-05-01,4,4,0,0,0,0,0,0,0
2023-05-02,14,10,0,0,0,0,0,0,0
2023-05-03,8,8,0,0,0,0,0,0,0
2023-05-04,32,24,0,0,0,0,0,0,0
2023-05-05,20,16,0,0,0,0,0,0,0
2023-05-06,6,6,0,0,0,0,0,0,0
2023-05-07,14,12,0,0,0,0,0,0,0
2023-05-08,16,14,0,0,0,0,0,0,0
2023-05-09,18,14,0,0,0,0,0,0,0
2023-05-10,23826,18590,1218,967,0,0,140,137,1
2023-05-11,29190,23941,1190,990,0,0,180,172,0
2023-05-12,2002,1588,72,66,0,0,14,14,0
2023-05-13,414,338,10,8,0,0,8,7,0
2023-05-14,254,219,18,8,0,0,1,1,0
2023-05-15,231,144,6,6,0,0,1,1,0
2023-05-16,152,110,8,8,0,0,0,0,0
2023-05-17,120,100,8,8,0,0,0,0,0
2023-05-18,120,95,4,4,0,0,1,1,0
2023-05-19,110,84,4,4,0,0,0,0,0
2023-05-20,68,61,2,2,0,0,1,1,0
2023-05-21,56,50,0,0,0,0,0,0,0
2023-05-22,118,68,6,6,0,0,0,0,0
2023-05-23,84,60,6,6,0,0,0,0,0
2023-05-24,88,53,2,2,0,0,1,1,0
2023-05-25,94,71,0,0,0,0,0,0,0
2023-05-26,72,58,0,0,0,0,0,0,0
2023-05-27,30,30,2,2,0,0,0,0,0
2023-05-28,54,43,0,0,0,0,0,0,0
2023-05-29,64,48,0,0,0,0,0,0,0
2023-05-30,58,51,2,2,0,0,0,0,0
2023-05-31,30,29,4,4,0,0,0,0,0
2023-06-01,40,31,4,4,0,0,0,0,0
2023-06-02,42,38,0,0,0,0,0,0,0
2023-06-03,48,33,4,4,0,0,0,0,0
2023-06-04,36,32,0,0,0,0,0,0,0
2023-06-05,34,33,0,0,0,0,1,1,0
2023-06-06,42,36,4,2,0,0,0,0,0
2023-06-07,52,43,2,2,0,0,0,0,0
2023-06-08,48,31,0,0,0,0,1,1,0
2023-06-09,60,50,8,4,0,0,0,0,0
2023-06-10,38,34,2,2,0,0,0,0,0
2023-06-11,22,18,2,2,0,0,1,1,0
2023-06-12,50,35,4,4,0,0,0,0,0
2023-06-13,38,32,0,0,0,0,0,0,0
2023-06-14,34,23,2,2,0,0,0,0,0
2023-06-15,48,43,0,0,0,0,0,0,0
2023-06-16,20,18,0,0,0,0,0,0,0
2023-06-17,34,28,0,0,0,0,0,0,0
2023-06-18,28322,22590,1478,1201,0,0,54,50,1
2023-06-19,3234,2711,140,131,0,0,20,13,0
2023-06-20,810,619,42,33,1,1,3,3,0
2023-06-21,518,352,20,20,0,0,0,0,0
2023-06-22,1100,897,60,58,0,0,1,1,0
2023-06-23,232,127,8,8,0,0,1,1,0
2023-06-24,246,164,14,12,1,1,0,0,0
2023-06-25,304,188,20,18,0,0,0,0,0
2023-06-26,256,171,12,10,0,0,0,0,0
2023-06-27,346,230,24,21,0,0,1,1,0
2023-06-28,170,122,8,8,0,0,0,0,0
2023-06-29,152,113,8,8,0,0,1,1,0
2023-06-30,184,130,16,16,0,0,0,0,0
2023-07-01,194,100,10,6,0,0,1,1,0
2023-07-02,194,110,14,14,0,0,0,0,0
2023-07-03,286,200,24,16,0,0,0,0,0
2023-07-04,240,128,16,11,0,0,0,0,0
2023-07-05,164,108,6,6,0,0,0,0,0
2023-07-06,288,171,28,27,0,0,1,1,0
2023-07-07,164,107,12,10,0,0,0,0,0
2023-07-08,124,92,26,17,0,0,0,0,0
2023-07-09,158,108,6,6,0,0,0,0,0
2023-07-10,350,233,6,6,0,0,0,0,0
2023-07-11,238,126,6,6,0,0,0,0,0
2023-07-12,176,137,16,16,0,0,1,1,0
2023-07-13,146,116,6,4,0,0,0,0,0
2023-07-14,130,90,2,2,0,0,1,1,0
2023-07-15,136,85,12,12,0,0,1,1,0
2023-07-16,80,58,4,2,0,0,0,0,0
2023-07-17,194,123,8,6,0,0,0,0,0
2023-07-18,188,135,6,6,0,0,2,2,0
2023-07-19,152,102,10,10,0,0,0,0,0
2023-07-20,272,148,10,8,0,0,2,2,0
2023-07-21,224,144,16,14,1,1,1,1,0
2023-07-22,116,89,8,8,0,0,0,0,0
2023-07-23,154,102,6,6,0,0,0,0,0
2023-07-24,234,146,14,14,0,0,1,1,0
2023-07-25,246,151,20,20,0,0,0,0,0
2023-07-26,266,177,12,12,0,0,0,0,0
2023-07-27,518,322,38,34,0,0,0,0,0
2023-07-28,39864,28110,2086,1713,0,0,72,67,1
2023-07-29,6820,4284,346,283,0,0,11,11,0
2023-07-30,2502,1490,112,92,0,0,6,6,0
2023-07-31,966,706,44,40,0,0,4,3,0
2023-08-01,336,239,10,10,0,0,1,1,0
2023-08-02,163,128,2,2,0,0,1,1,0
2023-08-03,186,131,4,4,1,1,0,0,0
2023-08-04,132,112,6,6,0,0,0,0,0
2023-08-05,64,58,2,2,0,0,0,0,0
2023-08-06,46,33,4,4,0,0,0,0,0
2023-08-07,78,51,0,0,0,0,0,0,0
2023-08-08,94,63,6,6,0,0,0,0,0
2023-08-09,80,45,2,2,0,0,0,0,0
2023-08-10,68,56,4,4,0,0,0,0,0
2023-08-11,52,47,2,2,0,0,0,0,0
2023-08-12,48,35,2,2,0,0,0,0,0
2023-08-13,34,28,4,4,0,0,0,0,0
2023-08-14,38,38,0,0,0,0,0,0,0
2023-08-15,82,45,2,2,0,0,0,0,0
2023-08-16,38,27,0,0,0,0,0,0,0
2023-08-17,52,38,0,0,0,0,0,0,0
2023-08-18,38,36,0,0,0,0,0,0,0
2023-08-19,36,31,0,0,0,0,1,1,0
2023-08-20,54,47,0,0,0,0,0,0,0
2023-08-21,38,28,0,0,0,0,0,0,0
2023-08-22,56,40,2,2,0,0,1,1,0
2023-08-23,42,31,2,2,0,0,0,0,0
2023-08-24,26,23,4,4,0,0,0,0,0
2023-08-25,18,16,2,2,0,0,0,0,0
2023-08-26,36,32,0,0,0,0,0,0,0
2023-08-27,24,20,0,0,0,0,0,0,0
2023-08-28,50,31,2,2,0,0,0,0,0
2023-08-29,46,29,0,0,0,0,0,0,0
2023-08-30,30,24,2,2,0,0,0,0,0
2023-08-31,20,13,0,0,0,0,0,0,0
2023-09-01,30,23,0,0,0,0,0,0,0
2023-09-02,26,15,0,0,0,0,0,0,0
2023-09-03,54,34,4,4,0,0,0,0,0
2023-09-04,58,24,0,0,0,0,0,0,0
2023-09-05,36,29,0,0,0,0,0,0,0
2023-09-06,30,28,0,0,0,0,1,1,0
2023-09-07,54,40,2,2,0,0,0,0,0
2023-09-08,40,34,2,2,0,0,0,0,0
2023-09-09,40,25,0,0,0,0,0,0,0
2023-09-10,24,20,0,0,0,0,0,0,0
2023-09-11,40,28,2,2,0,0,0,0,0
2023-09-12,24,17,2,2,0,0,0,0,0
2023-09-13,18,16,0,0,0,0,0,0,0
2023-09-14,20,13,0,0,0,0,0,0,0
2023-09-15,18,14,0,0,0,0,0,0,0
2023-09-16,22,16,4,4,0,0,0,0,0
2023-09-17,28,23,0,0,0,0,0,0,0
2023-09-18,18,18,2,2,0,0,0,0,0
2023-09-19,22,17,0,0,0,0,0,0,0
2023-09-20,30,26,2,2,0,0,0,0,0
2023-09-21,14,12,0,0,0,0,0,0,0
2023-09-22,88,35,0,0,0,0,0,0,0
2023-09-23,34,23,0,0,0,0,0,0,0
2023-09-24,24,18,0,0,0,0,0,0,0
2023-09-25,102,27,0,0,0,0,0,0,0
2023-09-26,30,26,0,0,0,0,0,0,0
2023-09-27,38,31,2,2,0,0,0,0,0
2023-09-28,22,15,0,0,0,0,0,0,0
2023-09-29,30,22,0,0,0,0,0,0,0
2023-09-30,20,12,0,0,0,0,0,0,0
2023-10-01,8,8,0,0,0,0,0,0,0
2023-10-02,10,10,0,0,0,0,0,0,0
2023-10-03,12,10,0,0,0,0,0,0,0
2023-10-04,16,12,0,0,0,0,0,0,0
2023-10-05,32,17,2,2,0,0,0,0,0
2023-10-06,18,12,0,0,0,0,0,0,0
2023-10-07,8,8,0,0,0,0,0,0,0
2023-10-08,12,10,0,0,0,0,0,0,0
2023-10-09,38,19,0,0,0,0,0,0,0
2023-10-10,14,14,0,0,0,0,0,0,0
2023-10-11,60,22,2,2,0,0,0,0,0
2023-10-12,20,15,0,0,0,0,0,0,0
2023-10-13,30,28,0,0,0,0,0,0,0
2023-10-14,12,12,0,0,0,0,0,0,0
2023-10-15,14,10,0,0,0,0,0,0,0
2023-10-16,52,32,2,2,0,0,0,0,0
2023-10-17,24,17,2,2,0,0,0,0,0
2023-10-18,60,27,0,0,0,0,0,0,0
2023-10-19,22,19,0,0,0,0,0,0,0
2023-10-20,16,16,0,0,0,0,0,0,0
2023-10-21,14,11,0,0,0,0,0,0,0
2023-10-22,22,15,2,2,0,0,0,0,0
2023-10-23,16,14,0,0,0,0,0,0,0
2023-10-24,20,15,0,0,0,0,0,0,0
2023-10-25,18,17,2,2,0,0,0,0,0
2023-10-26,40,21,0,0,0,0,0,0,0
2023-10-27,16,12,0,0,0,0,0,0,0
2023-10-28,26,26,0,0,0,0,0,0,0
2023-10-29,12,10,0,0,0,0,0,0,0
2023-10-30,20,19,2,2,0,0,0,0,0
2023-10-31,24,20,0,0,0,0,0,0,0
2023-11-01,12,12,0,0,0,0,0,0,0
2023-11-02,26,24,0,0,0,0,0,0,0
2023-11-03,20,16,0,0,0,0,0,0,0
2023-11-04,20,16,0,0,0,0,0,0,0
2023-11-05,8,8,0,0,0,0,0,0,0
2023-11-06,22,12,0,0,0,0,0,0,0
2023-11-07,6,6,0,0,0,0,0,0,0
2023-11-08,18,18,0,0,0,0,0,0,0
2023-11-09,12,12,0,0,0,0,0,0,0
2023-11-10,18,14,0,0,0,0,0,0,0
2023-11-11,6,6,2,2,0,0,0,0,0
2023-11-12,8,8,0,0,0,0,0,0,0
2023-11-13,12,9,0,0,0,0,0,0,0
2023-11-14,6,6,0,0,0,0,0,0,0
2023-11-15,18,15,0,0,0,0,1,1,0
2023-11-16,4,4,0,0,0,0,0,0,0
2023-11-17,10,8,0,0,0,0,0,0,0
2023-11-18,18,14,0,0,0,0,0,0,0
2023-11-19,8,7,0,0,0,0,0,0,0
2023-11-20,32,21,0,0,0,0,0,0,0
2023-11-21,14,10,0,0,0,0,0,0,0
2023-11-22,28,15,2,2,0,0,0,0,0
2023-11-23,8,8,0,0,0,0,0,0,0
2023-11-24,30,17,6,5,0,0,1,1,0
2023-11-25,6,6,0,0,0,0,0,0,0
2023-11-26,18,15,2,2,0,0,0,0,0
2023-11-27,8,7,0,0,0,0,0,0,0
2023-11-28,14,14,0,0,0,0,0,0,0
2023-11-29,28,15,0,0,0,0,0,0,0
2023-11-30,28,26,0,0,0,0,0,0,0
2023-12-01,18,12,0,0,0,0,0,0,0
2023-12-02,8,8,0,0,0,0,0,0,0
2023-12-03,6,6,0,0,0,0,0,0,0
2023-12-04,16,15,0,0,0,0,1,1,0
2023-12-05,24,17,0,0,0,0,0,0,0
2023-12-06,32,22,0,0,0,0,0,0,0
2023-12-07,28,18,0,0,0,0,0,0,0
